author,hash
H.Coel,be563e4cb46ceee1cc9abbbeb8e0ab0d07433d0637b7052d89708d9d134107f8
H.Coel,b5b3617c071532d11766c3efeb22867a463d1acc6674bfa8e2b307202bddeeec
H.Coel,d35a4209878b38f9c789fbf85c2ec99a823f0ea512e4181755e310414073b735
H.Coel,254ee0205d7052e2c697ea9ccb428dfa5796f0c65cb2a12a2f4039016d4c8c91
H.Coel,6fd050d6dea67d4e9090424a9f1eb656991c430f61df1e7c2e6c6f4b192f5a8a
H.Coel,710a312b1b304417b8e6d77b848136ae39bac4be7c5152719f5b2738786c75b9
H.Coel,380783830b438230ac0811bc92d3bfdf15547700f56c9fe7896e0719805e238f
H.Coel,34187c2692e31756fff2d1a1d0cfaba333f2ed224d19bd5232e2d197962cfbcf
H.Coel,1fd2eee57908bca33bd7b3b894c4add04dbdb16fd96e67434b35ebdb93875afc
H.Coel,9f8b8eab6221e8faddd92cad11842df9306e3bae3c1297ea6f0777485a9e827e
H.Coel,1a58ab5095dd02424d876cf4eeff6efa9541f4f62059fd7ca734618fa7475120
H.Coel,7579fb15cfada6fbdd8c499339d104b5d602c127e8889a5cf5f9e4d827394bbb
H.Coel,ecb59c02624fbfdac8723ccc949c7d13ce1c62b59c642084318b9b32e3d342fc
H.Coel,1ae3d45a7c1788240fce5fb618c5d7c39ba5ae5fe41f4c450403bd170dd8916c
H.Coel,9418a1de8b47fb95a2b446af7463f943576c761c663d3e95dae335e3713803cd
H.Coel,6982fe7a073a39753460de0c20548e17e2755c28507259c99957284a1c462f9d
H.Coel,ab633f93bd0642321c5f0637268f742cd7b82cd78ed5ee5ef3c35c5c58600615
H.Coel,fd4272830c9d08d99cedfca1b5f6e50bc146e8d7f7dbac8e395c166922f28739
H.Coel,f1d246193be4215f2546d260224681a801e3d9c698623846374e43acfbfe657f
H.Coel,72661d6387e7ac3fdc303fe88f6842e771728361f6f5dcd8e01446c981fc32a4
H.Coel,93782f7efa869f9548b537200eaeb781f00ef621f939654ff3d10f5fad39004e
H.Coel,ee11191e33556f93da77c26a8142206565b7ac56ef55f59b9ab009ae1038f4de
H.Coel,2f6f7212e577e6038e406c1b608e68ab3dbaf1b13c4bf9f643f854b458fe197a
H.Coel,577f8536da93be554da701037828e287289a0057d7789d6e9a581a12f59663d5
H.Coel,52b3b326bb7742680a9911e1764eb8e55eda9f877abe78656987e3e484944271
H.Coel,4b30aab7b0d2dee746c02d285c73d5f67fb74f59f8c919874cc3d8031c944681
H.Coel,54411b01f743f488ed4da6de741427b95a5067068054c619b4037ccef88dee63
H.Coel,775aff280640ad4428530f6ca6e44effeeb6a796718e4f37787ae0c4fce3c774
H.Coel,93fc5f68546fec1c30c897b6b64d06ae84211a56ba5693a0a6e329c7a37f3692
H.Coel,9b407ff89230df23addada3d527c02a0ed25f2b0f1049231393a2b9e8ca88d02
H.Coel,13f2dc9a22b40cfa49111ab37183f2d3e253c5def82df3d06a60e1f08598b514
H.Coel,fb1080eafa0f6aa86966090a71d2b8e47192beb2a455fb27fa3ff8dc1ae67269
H.Coel,cbd8424efd8a187a3f0745a9bc5357c223025e6b45f926d321fb1a53f5045bcb
H.Coel,9dd585641c3b00ade3860dde7d57bee509cdd9c9aa5d469a6c05689d82c5ba75
H.Coel,2c3aac5156b863c191f966e9dc853372628f8a3ff2823bc10dc4d2266036ec7d
H.Coel,f06b56e0b04739c714dd9c27e20ea46a20111bef2de3a6296579250708e27bf8
H.Coel,91563357a268e3b8daacc164c0ac55665dcdb54375eeb2371db0580248866797
H.Coel,2d29c038ba4aa6869382c2d0f7e3af534100492eba86bd709fb1d0022251a445
H.Coel,38b50493ff975d6dbe37401e0913055d4537208fb2334a5f80baa60bf5e7bd3c
H.Coel,a5f36de247acb289afc492da717918623fe19278f42c8337ea67e3c3f6a13c2d
H.Coel,437c27f60fac9853aa96eeb368abdfe5e9cd72b661c674a37b1cae764f10263f
H.Coel,af33720149c1e4ecbea6b56fec59121f48aeafc891337c4af5f395f733471ae3
H.Coel,39e6f880efef720b1566209354f4fec80b2fc093cf050fb74759b816d3cd7e4b
HardCracker,5bb994bd54a9c604b93deeb13dbffa16234f0e3bc0fe1c69053d06883d7979a7
HardCracker,3cee414770f79f33c989408a61417c0531ddbab0c3e08755a5d7c60d388f5fce
HardCracker,bfdfc6cd290096cfa7f1b9127b260466e8e7dd27eb3fcd9f20d448cfe958b4d9
HardCracker,7770e616762b73ecf12dafa4ae962d25b69bd26b10f771886961984378e08123
HardCracker,b9de28839963ed30475672191b5c13ed519b1863772ad40317f35bdff47720da
HardCracker,59cfbb1e7b2874e952ec256268fe59ad85ebd7fb67737ffc3f113cb89d0b0a09
HardCracker,1f665fd789ae8cc3ea6f22b101563ff5ebf7f4dd1832cb649f7fcd19c66c4235
HardCracker,6e4f0d400862565dfa2115c916f0f99a78c4898c01a33c3b3b1a4323abbc1a94
HardCracker,4531cb1843fa7a8b66b6a7d0d3eb0b8842e2c324b66e8e5252734917f0179e26
HardCracker,f944cb443ae1a3900354c4d988ec4b9f999a36bfa5573fa3f022fe841fb95c24
HardCracker,8d3c29ed7b5c4b3fd4e0ebad2992e6ff0ce5b1bc7af27b5a51192c8402f41db5
HardCracker,1ac92dac296d215a2f143d98fabc4570dc9183adc4ea3769976aef98b69ead92
HardCracker,5081e82e9c094ce5690233fcaf768f8cd7710f8f085ca0804b877b123a972d60
HardCracker,42c33233f4cb0ccb1dd15d1765fe1f90b96c41dd24cb925ea80d06ee74a28163
HardCracker,6c138770003d907d42ecb024f1350a80a82a1bebeb4e128d8a29a69e7f32c99b
HardCracker,fbf95571c9a966f206c25d2d9d7869ccfc7ffcf620432ac50ffc57d567a383bf
HardCracker,fc8175ca08df1c444895e4f183f8a9e22ecd8ecd4abafc4da7546f2bb8101ac6
HardCracker,0edb20fc049ee37a7a1edffa2f681859dc1b95d193de57d3a02df0b016a5713b
HardCracker,77576b93521a46a5866f970afa66f5bde63d16c5b405b1444cf3e66612fff4a4
HardCracker,6c073406bee60cf8c2482af006f2cf361b45bcdf5d3f1fae4078a65a1d7d8367
HardCracker,07bfa79295914843bf6ba517add421ba7c10530b4c7f8c3429436a42b4814f41
HardCracker,75859a4ff7f7326176ebbe9b3742c601e227c054572d11f67653347a8e9b5b8e
linr熊,56cab055fbb6da25a33eef04a24494326010f40eb6cd84e1e74716b1a01de9ec
linr熊,fc1c76b1578f6f09dad5c967eedac470a5d65ae654516b77eb79cb5589d86763
linr熊,67a161310880ece7c84b2a99a3170734af1f82613d0a2699302ae5d961b89998
linr熊,bcaa875e6bf01fac7143a16a1c607eaba8519f236e1b3dee85a950d6624c6a3f
linr熊,3ea0afb6046cbed49ceb69f20c8451fb5e13597ba1926fe52967eba2b98aabd9
linr熊,53560d5e31f807ad5d6429120d5d06d8f351f6df07b70dcff11b6e70fdf7fd24
linr熊,3dec34617317070e4a054bbbe587a30d05f6b40599be57528e74cc156c43ac3e
linr熊,e6799c9ab36774ffd5d890ae3d25eda89641e67a02d9009efd56e13d7371c5fa
linr熊,7f06093211eade78927af7847770b84ef86df135fb9b44e64781d51da9ecf064
linr熊,dfb311a86a05a8f2bccceff858be919104751aacffe46e9c924639a35bf005fd
linr熊,05a752d6d86da506988779af2dd15706f21cfe1afe8d3a77a9138ccbaa2cec6d
linr熊,669e3f8ad696f854dc9346e3f33ee1a011bb940ada2f6bf58f0eed14de871bc3
linr熊,60bb339dea2c67dd4f4b346719e9e304bd16a66391d07246fd0acf4337bfde59
linr熊,4421592e1d0c32044781d3be6fedf3b31936bae5a28ae7b860d392b4cba7141a
linr熊,f84aab9452a82dc168cf5ef73d6705c08f0ed09643d90591c65f612435b24673
linr熊,7c49cb53dbc3ab63f6a3a41074d56753e8a43b22825bd51d9bf81b8642059100
linr熊,2f84b5e30d22f830d1cf6acdc4e40d7ecfcec35a50a13585315e8ab70aca0b10
linr熊,d4dcd1796e49206d7f6612faeb55d9388ce1d7c5702f26b1a5aefdc842c14cb8
linr熊,bdb92ee22378155ec99ba3a64b558696a4915d61afcce4a441fcfb3b09b26ec4
linr熊,72f6e831d88fa4bf1c892e9ff68084362dcc6beb63ccde35ff4bac08f0b9c58a
linr熊,408c84e975999e2d1f4e85d4e8568e0af267374ef944bd5cb965942002f76bc5
linr熊,9256eb9b978daaccef09ec560ad381cffa0d179d41df8cd2febc3279e1ca4856
linr熊,e3b0c44298fc1c149afbf4c8996fb92427ae41e4649b934ca495991b7852b855
linr熊,c6bc224de111980a70c3c64f955f19190093c98d22cc1bc815585e8c72c223d2
linr熊,3caf80c9bbc91318fc56ada8408880424e13fb38c4fa64cc31023e23b26de047
linr熊,5b42f1c1e30ed50680f9fb67ba624863657057796df61c52a65da03ae1830dbf
linr熊,d292c0576c13a2c25058e194a89809b2e093364f64731db8ee7d8b14c0ec4bcc
linr熊,5a21c096420ce37627401fa77f67b614209aacd0d40767c1d490a9fb6627d5dc
linr熊,6c5f539cf013266cc7d47ae37604d8f906e5a544e884cc942799f486a8c2ffbd
linr熊,c6794bdbe7efa610a0e360e8408079a54a67989810ae0dce9bc9e3b628ec4f39
linr熊,5736c0d28a738670ac075c59444930d2c880a7d63b49a7db9ab21cee6caeb4ed
linr熊,b83cad4b94a566fec326b7f03d97150e41bc59734fb80353ffd36968c4abaf93
linr熊,aa14129b0a90684855b03a89fc1d6cdb6efc5afdfc0fc0baa4b7895c1a2abd0d
linr熊,80758c148b86a1cfd0e89a521dbbc11992a14c4f59db2f997a850d46d9547868
linr熊,a07e7cc3cb9261a76ffc4694182c9a4845923f7722729603802077758165bff0
linr熊,d548464831933e51f52d243a92af8c88260d76539ab793c38284bd2f80eb390d
linr熊,14e272b26d907d638640b438215cd4104fa923766db8e6d255e4d5811fa4b05f
linr熊,9fecd8c6d9ee8f6c64ad46fce0dbb0f7413b883ca4a21109c78f30caad818d80
linr熊,64b22a78e1be57720c7afaab103be8126572bccb3e3265e14bc339324f1893f7
linr熊,f310921195824007156439fc2213ef50777274fe25541eb15a02671282a51929
linr熊,4bee521a09242ae3dfa92abf62eaefa4c4e5b0f6cce8f173406489029f7bbeca
linr熊,8e1193df78ef6268d460f86345ed17b41848d6413ae887aec9f46b0b09652c85
linr熊,54823d26ae8e1b136f7e233eddec84a46e20f737908e9f80ad4ed61a82c034e7
linr熊,518d49d8e99ce3125f24571253273cad8b2167030dd8b859b0424780cfc38460
linr熊,7df61cd7f88e9e0e2b92e0c8d3c7de9dfa968d7e263604df478dc9846b003e1e
linr熊,b5665927c923c323934d8c2eb1eda06b86a22e9c9100001ee09ee7cd2f0fd6b7
linr熊,8dcdad5fdc31e9b450eb89d82cacf277f3548e3510c2b6e68465048e727aca31
linr熊,563fba6c58c0889a251be830aebe5c6ce53423a503c47e9bdd87595634001bd2
linr熊,ad4cf096a6ab262c7b6c97a844945809aaf368d3d76a884b46fad89d70ec55c8
linr熊,8b00da2a9eb0e7e46a3859ef3f3e177a6000b8818665ef3dbafae09fd8a0e70d
linr熊,5d034fa691a311851fb94033e2ae20ed8deedd4f20e7faa8e4fa663ace9828b5
linr熊,74a0993401420f46b87c1908a7c0e7e7ccf4de51ad5d50181dcc4b7661b29cc1
linr熊,b4d6cec9db4c8572da47a3a1207a0c4a5c647203a4be41ac5ceb79e483d14385
linr熊,3c33a15c441d0422f53e0a2d96a5cbf0a47b632fd96895494235ad48cd52b44e
linr熊,0f3ebdbf682f7390fcabc1cec5b6846c809e50dab2dad2625f285b3f820ebb67
linr熊,479f7eb15b2e78c33d9825c48d7a89cbdad01d5d6a285f48325f470e202f0ed8
linr熊,b33ea72ebdbc2f3f22c32962d2f36c481b8a5a1ea7f7cfb118c3f6592572298d
linr熊,91446e39782b0c2cacddb86af60f10f4ce3e1f27d19f524a3cda23f19ad3a5ad
linr熊,8e227f412c58c9cfaa767664713a40a5117832cafead69799a6c9c648a7704b3
linr熊,80876ae2a0b9f0f5453678b97e9e2816a5ef2b34394ac2bcc49e1c256b2bd3ca
linr熊,0e3fcfe9c6a588a9d87ffbcb7c4dbe7dca4e27c9122f5fdbbccd5c0e4b293ceb
linr熊,1a26e30387cb2ec2927d4a040421a6f50efe22864313d7fd38496cd70a687f4d
linr熊,aca464b79f66cd1fb390f933779ce66da95858465c12a9ea24443db18824a56c
linr熊,53e60ef09f772361883b9d39b93cf9daff81a7fc651341868171aba35743d95e
linr熊,9edc278f1dcb1b07ee6a0fdcb82e9fa97ad158d4b3c2fd4b0e3e2f4d0672ac16
linr熊,921a0b0279aee729ac513d35b6a6d382cc60277854f4b3d2be8d728ca392ee3b
linr熊,5b553a20d63362b6928fd384d0fcc368c1c0acfd810bdff269e4ba8a6d879773
linr熊,8814aa410a9e02bcc593e8a3362dd78ade9b22f5d41ee92a490f66c35a577d80
linr熊,bce9678d61a25fc0187cff4d7a87329b69f926de50f875b5a78bc5b028f72d5e
linr熊,e56eb175beb3a4fac7f13abf14615511a365305c999173cc2150beebb59273d1
linr熊,f84eef206b5a29367bcd3ed18e213c055c3ec2ae31e77cebf44bc716e8a2a596
linr熊,464a46432c52d70829954e2b97c94385909339ff8b1be486fd69d7b03e527859
linr熊,908d051fdc19edd90ac86efc12c904c65b28e06af5e5cc82ec7d2454b4385d03
linr熊,868fc0886375da9123c877442be611b60999d551b6cd7cb257c549cd83a654e6
linr熊,a788f7562020a3bb0526a0421de69b6c2b6c2f763e4bc192310b02ca3d62b4b9
linr熊,2ab4a61179de4519f57225a011c9a5173c62cb5e451a5b9551843de737874803
linr熊,ac1ab565088b17706c493abb9f43dfcdf2aecef087b548f9a078e06fafb0d66f
linr熊,ab73f69ade012bb8487ab9ead2f65a9809cebb07f25874fea5c5800df75b216d
linr熊,ccddfe8c379b6d31eab554edd0c158fab52e9db7ed5a89a1c1e1278e6b562497
linr熊,d5d8295cc8de1821a220551a301ddb86e347f348d043b45c9d6912bffa75fd17
linr熊,0acb856540bcf5b910ce8d00d84c0cafbc22430622562090e5cae3947a95702d
Mr.Miagi,ef26f192e9e08ec452a814e63dbbb2f170665af62a3b48232f6667b08a2762e4
Mr.Miagi,18d5fc200a08f0e2df23be6c65f43e463db45670452a93ef767d8e9c25f38a25
Mr.Miagi,2e35e72fcf899cafdbfdf5395bfb96c2f33a28d188f2bee97688c9207f30b343
Mr.Miagi,17c23eb88acb52319b92db6e76fa108fb8e9416d472902b6e2721a6f2f34abb4
Mr.Miagi,d2768001be41403b932006bbcb60c2a7b8e8f2f395dbf72e1df3c6861dea8507
Mr.Miagi,e3b0c44298fc1c149afbf4c8996fb92427ae41e4649b934ca495991b7852b855
Mr.Miagi,e5272a4934bc7876f3af824448b64a985f7e607daef06ef8a7b0d7cdaae33082
Mr.Miagi,206ea6ef9b1436ef3d69687b3876f3ca0a02820af231c12088132817d1726b93
Mr.Miagi,92b413f3a1b52220ac6c768a418b635fb8e55d88340dbfab1d8866c6bc34d88a
Mr.Miagi,5b5ee6236dca717768390da546873de13c2faab1b8e5ca59fd77ca429b63f1ff
Mr.Miagi,8cf304b087f9e2ef3a372c3fb208c99c8829946624a2ad2e258ded1ca770f7d9
Mr.Miagi,9ac22d085c9e94fb96bc6cd7379c263143e08641eec5fb120a9f787e7d9ed5e5
Mr.Miagi,d67566d2a6f8e9bbe6fc644118593d607896bd7ba999b224a23b65a59a5bd6b1
Mr.Miagi,8878980df9f1945f78194e6bda6141ea160652323225abd94de97313e04cf507
Mr.Miagi,0b25c3f3743f0cda1a0f25c01a2f849f0e03b8b8cda2ba729ab76cc8b0ef9d65
Mr.Miagi,dfe88169bf61562505d2e151fc5b0f03b88247654c76c21d0ed0b9215499c065
Mr.Miagi,bb55e63331346181469afe35c34013ea2051bc15e1a3c1b8734e63b3540170e2
Mr.Miagi,b1212e5939bf84dd5ddbecf41d0e49735e7a77f906f6d0cdb5d10f435a641e75
Mr.Miagi,bd0c4819b74914839b13be97aa7005d56e7856951f44779e4b6502cf1ab16dbd
Mr.Miagi,c511ec573464a902798a1086a6a9a9753011100f8d77b08c0c7013d5a3fdc472
Mr.Miagi,6310f8cef2d76c8847554126c9cde79bb5e7e997f683af0028cf701d7b495a98
Mr.Miagi,3b76ec5ed1b70a26803834e4769d85401c1239a53f5b01c8ce4d955510fc523e
Mr.Miagi,8f24a256ea1b01c7c09ec8650d6a2df5ddcdbdb2c2d287bf9043953dd432cdf5
Mr.Miagi,8075d47e676ea791ccf92c06f2002097a12c4ee9615880deee3e79d1a298a069
Mr.Miagi,638bfbaaad353899aea0aec8b6cba8480c21991f2242fca2d2a8638a53591963
Mr.Miagi,b3f76e16eab62d26728fd882a2be6d9427763fd784ccb6622bb8763420e4763e
Mr.Miagi,0affc60bbab2bfe483d83f562915ad2ad35191ec442a4da480fe9e165420d0c7
Mr.Miagi,21a765c6ef3b193eb667d1b1660ddffb4e55d246b7a6f2efa06c00e114283423
Nimloth,eb6dfe6fc98a90722308f118a24b686fed710c1fe20b6377af76e1975001b1f1
Nimloth,d0723c79e80ad5460a55ce7627011e1dc3bb6668050444369c30e590333d80d4
Nimloth,f035d025d4c7ef3ccb55d8f42b0e4b702288247cd255f1c729f4df35a7ef6a33
Nimloth,449e767cfea16b46036361795517c7c3abf059e414a4b09bf6c6ae2501fa9b9a
Nimloth,aae5766dc46043273170e4c216dfa622e9b56a598d34f0c1fc6f07235dc5d185
Nimloth,907e0421275f00d7accf8df2ce2e080a071df84c18f5d89e26123ac0a459aebe
Nimloth,0b6111f46fdeafc1dcc1a488e4dcbb4034addfb93412ae7b97417cc65edcb4d8
Nimloth,478a1735a7a981608b7817bf07f667d65a6d10a1d58cb9943b4351354d4539be
Nimloth,5b2eda695ce85c8233b92c1a454a437e37004f956881376ae4ec49054e6b93df
Nimloth,084c0d96133ab9d795da020d07962e5a7a1ec2791454db9661b7aef159eeba22
Nimloth,698702741ded5910b8f1ba183bcc69132ee6ea35ba14bb417c44f532ea15294a
Nimloth,967988ee26626dc077105a6c4e74af5bb2b6c1dcacb731ab9e052cc95f613276
Nimloth,f2346dcb26c676a6427808c2e9c8e219ad00db9520ecfe971b69295e438a3f3f
Nimloth,89115f272304fced6bf74bb8193f8724f485ef11adb4e502f4c67693dada6da1
Nimloth,9d4e8486672a0aef9ab00c2da277f7c513b2546bf550c9f4a70579592a941bf2
Nimloth,bb7c9fd9baa896718783b076a36d6e7a27cfa88d6b42b01b4186f833bd85c3f6
Nimloth,e3b0c44298fc1c149afbf4c8996fb92427ae41e4649b934ca495991b7852b855
Nimloth,d146eaa070ffae5144aa089ca98b1902c090068a47865093dfa2b6e916354334
Nimloth,6cd5760a57f16e0b7167b488909a9bd4065979b9a5320998426310f7412a62a2
Nimloth,0079b87c0b8e6e2b62014f71cfbce40e4c9d1924a471e57f5ee73be7515835d8
Nimloth,f1ccfc5f86ce7a39a489cef249e98a0ccb860cf7f49a08a688d1c2dfa0b8ff49
Nimloth,15c4c2c87de686a93dadb994fff6e7edcc5e99d0a14418a3a55e9fdff7ce196b
Nimloth,f8ebd3685bf700ab481b15c27a5eb039054a963945b90fe94bafc0a254ff3ab0
Nimloth,e4094dd7b5e472a4b46ab30f802c44908fb29e704aad30e460d88a4857da0dda
Nimloth,e69743afebdf0374d92f96486af26bb9c9710fa864d557bed081efa87ecd28d8
Nimloth,7714c758b05660415ddba2abd5b5e63c36517e52718bc20e3e0bd939751f59ba
Nimloth,ac195df160c1cc455a222cd35920289ecc59933cec1cad2a84289fcae4c549a7
Nimloth,ab8a01425c684c5a62fe9e74f157fb54b4fea35c972d0619c4a1e158fb5bfcc9
Nimloth,ad4926283d5859b2d6157747759c22d581bb59c3a30089e4f341958d653c0bca
Nimloth,02adab69e435b7c2426220ac8cdc1689ea35e95a6799257a40bf5cc09572bac2
Nimloth,114d3e7ff294c509dcf6f1727bd31e54a7a35da9301a29b07353b4c74ebd8756
Nimloth,003bf5131fa9bec161a5512656b49828ef08083cd1858409cfa3e1de4981b317
Nimloth,be059faabca067d358451a5b9fc86f8dfb0ef2299db5c5aa66dc6d55afc8a928
Nimloth,2b25eee222d259497b3201c71ca1cb82f534591b1dd45253ff40bd18799a4a44
Nimloth,b5ea097f9cc9785db75a8864597bcca752f47a73361fd9e7f220b69822123f17
Nimloth,ff38a93e997267922f4cb42eb69f6073c1e180400e498243581f67b64d6f8578
Nimloth,933211f7ed9478a9a11bc88053b79acf29c374b13b9e9aed84bc9f05132f74c7
Nimloth,858b4126dcbd48ffa4910581fd62fad043c4867287532c266f925289c7693185
Nimloth,feeb89656af515d2941e1f7b3ad5dcc499b6fa27148e51aed30df9fbf38c66b0
Nimloth,a02655c1caa20701bf513b8e3cf7a4dbc23d5fdef07957e101d88e0ee3b3a577
Nimloth,f89fc877c8eb80faf6134b57e42feef5a0599cc5c735a348148ebf6d40c02458
Nimloth,d8341178b20c52ecadd91382068a27ea2eb8445e32532bff0e572ee1e7db0899
Nimloth,94858faae65ed51e82539a4fe644b8fe7a7aee20b1b13a37721ba6076d99a4b1
Nimloth,4c170dbb8fc58c9e4a22055e1c1916e940d78f6f2072cb9b0d7fc496f7248c4a
Nimloth,a66f65fd822ef7c2bdac12f1ebda3c5cd92f80510891df0edfd7c5249c2eae8f
Nimloth,1880daa628b8911d113b78357c8210bed6530e8816bd6dc12e716da773e54ca2
Nimloth,ca800557225c5f37b4e0652486bf98a91a0c42c696ec18bb53d49ff23d22ad05
Nimloth,8fbc52004f1fb867cc3fd84acd0c16eb2ebcbe521ff30e74f9292f40fdd0b792
Nimloth,7a225c8d9257d8b70eae1ad5ea174bc05373b47ac97ca867a3869a9454a317c2
Nimloth,adb7798a7cd01f5e81a12522d8ef4015d4afbd2e6f52e1f5deff42db3d21b579
Nimloth,11eaf2f55ca71152415edf09b50ede6efb4481234d885c475181581e7f2bc18e
Nimloth,d92f16a8bed397236132630a9f0d5c070416d36927f57bea3dc3465b06dc77d4
Nimloth,a1c326a853986d97d055a5e073ca0ec5d4a32440c69ab6cc6c888b0f138ce1e8
Nimloth,0649c224565d2588d009eab45a8b0ce36f8e67b52104b5411f900c98f366a1c4
Nimloth,fddda6c8ceb314eec7b0d95a8453a806dc232b60881bad759fcaee678aa843ab
Nimloth,de7295800a359506faff17a2fb35f13e44b5b8ae2db0614a8847f98b0e757d45
Nimloth,bfa1ece51ab021051e4d3eb107f645aa8eb0ead93f6d64bc9e69185f1bc874a8
Nimloth,413e7ed4b3d62c12d2b8c9fc17e6733e0d386e90d66dc43da9df2ba1e9f3fa74
Nimloth,f0ddbc28fb973b7255d1c4755919eba83e610de06f2d39d7985e89a785de3634
Nimloth,83132507fe88c317ed9e149ac1860e2f5744d35fa483434a938e5906b7f1b389
Nimloth,cf2afda7401ffab6ad875fa0b7fd31461a0fa918f995f423be4e1c9eff1c4732
Nimloth,732fe03e83ab45b66533845c284bac11ee3d808df7d68e67ca09a12bdc84580c
Nimloth,bd021dc32b5080898332c6df340027525e2bfbf8ac16655d658af0c2376b0dae
Nimloth,4f4441ebf755ca8f40129cab8163257ab0ad03ba94d9d3bccf7c22c0dc7b12f8
Nimloth,a9c27dd577f9058b1f15e454c3a94e4d8293d93fed2d351ef1fea2d5dee7e9bf
Nimloth,f5ecf92b5422709b489679578d0dd5b415ae0cd2631f3225e5a696e054c7cb73
Nimloth,9b57ec8bae5e8d66e3a77bf4bc77ba60e119c5064eeb7da978f382cd985ff961
Nimloth,4a1551e62d5924c9143a07543b89cf77da6010d8e38ccacad93d37dd640ad010
Nimloth,f500e877b048361f3ee4ad1db1db4dddaca85bcf1edbac3a431827bc5693807a
Nimloth,80ed7c3d2fb36bb2865c89db6d0226332adec46ace9841963e22c0dd7a85fcbb
Nimloth,9255a15f67ebbe42f0fe241d54d683699b9e07f8332e8d525de87f9455e3eb88
Nimloth,740a1645946502d40a7e2b3d044a83b92867f2b40ba2dcdce19ba93734b47dc9
Nimloth,31f4d6f6d6da2d00f066900284715fdf85deb0c36a474cca808b9fe3f392d133
Nimloth,c27ea5fed22c9b015f099de2066ab519e3d6641b5ce0f39e46df0ae977e8cae3
Nimloth,430dbda16ef90a7a74c7b0c7a55b2004cdf302314a9fc666b871bda2b0dab1c9
Yuk11sh1d4,beda5a785bb6147a9d27b5095c36874de3f758b13dc9d2bdceb2b54a5f6f784d
Yuk11sh1d4,6eac590833cd913089c5888ed726121df14b2caf9a8ab0dbb59f3358c2521e50
Yuk11sh1d4,9a436b6b8148dd5f58419128bd3d6a3aa432aecfafa9193e855cbd62e68dd658
Yuk11sh1d4,914d186513e1d9a7a34a45d17dfdd5cb61732c92f48256c20ad9141b172891ee
Yuk11sh1d4,df58467be7bb3511083f0fa5f35cb0449365f8cc0e34e8691a815c023442f82d
Yuk11sh1d4,09637dddd2324ecd4311f8dc2ba5f4d1195fe19f02ac0aeaa266f2e084b0549f
Yuk11sh1d4,da9d2c40679ae249d97abeba3ac9a24bed8f169b6cbf53ffa4cfdaaa4f351638
Yuk11sh1d4,940aedb2737cfa8f3622135a376b0a466f51abb56e2043c8925ec81334f85698
Yuk11sh1d4,2f41c36f54fc678a0f9fdb5d29ddb23bc6612b3453889ab1986923b31a76f289
Yuk11sh1d4,f5a1808948396f63771d43393aee8d848ba10955c8fea0e73e22c9f6159cea26
Yuk11sh1d4,6ac7de522fb7defb54490ecfefad725f813c23902340153e70b5ec6365ba6b4f
Yuk11sh1d4,bc92c71e4b7de6c54f11650891d3b569e01b7dfadc81d649639cda3c3f6f07de
Yuk11sh1d4,aa65a0f9c73fe103fabe6031e4e3d465660dcf15c48d5d83663c8982467e7841
Yuk11sh1d4,5889ca4a97e99809a796d53083582cb61a3e8bf5c99657deec4cd0a3b9ef48f7
Yuk11sh1d4,337f2dcc21bbf076321b79a3d6ed5cd12946ce4da21af03a97b10ef0bdc6265b
Yuk11sh1d4,6a1f98d4d694042aeab8941401a68c836677832220cd3d65dc8691bac8e1f467
Yuk11sh1d4,c0f3f223d7b957b06a8acdb538fc5f2144cc20e4f4e12a7506dc4b38bb652654
Yuk11sh1d4,f412739403bbe5cf13743ea3ebaa68ebbf7b84e5ba005dc68f6670198aa948a9
Yuk11sh1d4,9e0312ce077b048827a903445b32eca713a3508cb9a0da6052555ebf5770ba33
Yuk11sh1d4,77f9dff8c847bc5e32ebddb302b048e01f05cab041b3f2fd5c7c33c8de804e00
Yuk11sh1d4,6a00329cb4922f88d9ebe8f1c076732e2647160b13cecfa4b2b1155c83b62296
Yuk11sh1d4,e56a6dc30e3d252c3a987bb79c41e2f6f7d38dfe7aa743d7936aeb6c290bb41c
Yuk11sh1d4,d7de06e2226f97ecb92f6c8d129cfb8404dd58ff685927e90d0152aa8fc42019
Yuk11sh1d4,fb75b8a78056f64c5b7c6a94624f4040d0076a6656aacc448ac5f05b6aaf4ebf
Yuk11sh1d4,c724da9091da394ddcc3d11320adefe5aafc938646e237c41c71a1a8b0f7f8dc
Yuk11sh1d4,7991ac1f9d5844437c902e19155eeebf6f5892672484052f19599c2e3d546f69
Yuk11sh1d4,1b51a452899371d9b6bbbe7c47209d107d5c02030144fba9168c13d91805fe44
Yuk11sh1d4,2e11cc0ed4b6c81d647e0719f3cc8f2243739a97b0bdcc324721b0bded7ceb74
Yuk11sh1d4,dacfafeb2ce0c4735b450be984df9f387b07c195f3bba401caa844524aafbf66
Yuk11sh1d4,fe0e56a113f2e7ef395974365f515438a693e2e6da2aa79409534c62018b6583
Yuk11sh1d4,8afff751dddc41ca8a2831b803bee671c1a3ce78a211a18ef1781c73cb3ddb34
Yuk11sh1d4,a4ca73eef95c0748e35dcc0899536774bd11e0d3e4857d723761a6ec3ccf9c43
Yuk11sh1d4,2da9240ae75341c24ebf33d8616a304dfeff0628f4818f96797dd99410477a51
Yuk11sh1d4,b8d25304224bfa72453321c71ac335f13e6db972f4b0af6df4fca99e09fedfdb
Yuk11sh1d4,1d3b2cab73201f98d00d98a54600b467995566e84e6ce299fb4c21a547eede87
Yuk11sh1d4,943dab3cd1aef925680198c08354921714b1aab1e66d7e71ecfa43a2c09476f1
Yuk11sh1d4,0da6c912416b31ab72ddfd46fda4a7c6d0684897227d85dad4ff2e2f14323f60
Yuk11sh1d4,b12792501a7915f18f2658b55b7ceadc96a09ba88a20c1f0327bad891ce1b1b8
Yuk11sh1d4,922a4abd8aac16a95f1f81fe1f14c2957d1f5590d46b776afc5cee100f4cecda
Yuk11sh1d4,9938513943f3bde426001ca7a9bd19238e3ae92fcc87e6eb542189c02aa43dbf
Yuk11sh1d4,a673f9d2843694c2fd316cbcba579de629ed6184b5bc83a8dd3abe43f4b1d9d0
Yuk11sh1d4,a55881017d10f80fe069ee67aedb2f7c9823c33c442b363be3bcaad662735072
Yuk11sh1d4,177d0d5620ebd093e4d90c89b28dac6fd5017a9f36a64d9aa2447d8e5a48a77b
Yuk11sh1d4,e178716c1365d6c00a69d1592d54ba28c6a56d5bde57f1547bde253869f332d9
Yuk11sh1d4,d53c39e8137778048464ee2e917569ff7a4d9157202300b7bce891e442387bc9
Yuk11sh1d4,1526ef6012fae2dac62d689032d88fc81f458a444a00bd4f4b25f4eeea753cb0
Yuk11sh1d4,24dfe4bc1c40eb3f2d3c22d3744a4093d028b4a1f575203dd07a2fa0f1eac04b
Yuk11sh1d4,1a524005b680ef8f5d4b78919edabc35fb7cade94efcaea0af18e3f329ba9bc0
Yuk11sh1d4,25d488b5bd61eb827844fa1dd097407a5781b2bf2c52a9098cfe8d1d152f3d2b
Yuk11sh1d4,3d3f9514b0bdb9f0cfe4e0facff5056eacdbfccaa1e6c9926150bc0f187e6487
Yuk11sh1d4,acfb2387dae6aa270849f51093e590829b3bad7c0d93512fe567ef8ac49d5340
Yuk11sh1d4,36fde96555b0a813130bb1fa096194eeeb2b7addb89a1ca0b74c2b36957f0baf
Yuk11sh1d4,a6b9e12bb5e3858f3002f56e68429e3243e041b93b1a88288c9656ed379a24a2
Yuk11sh1d4,b634119774caf41c362ab4f2e9e62c0395a8e4ae88c5055417ea8398559f1b32
Yuk11sh1d4,938a43b1613409b106c9ffef50e50fbef0395ada1e9d592703b69761e0025cf8
Yuk11sh1d4,4d285be262c5adfa99bf71db9b79e179482f326713dd1242e6c5395d8861bfb9
Yuk11sh1d4,e654b457eddfaa2665b0136b1f19ec98fbe785297af3aa0492a9c4abaffd4e75
Yuk11sh1d4,eb11eebff7ef9d222c9af7f9a03c98ccbf49b013718ab177e0aeb2fbe5dc9abb
Yuk11sh1d4,c314ee90f24c19ad872075c44a36da9289740ca7472f52270c706dd764eac791
Yuk11sh1d4,868eaecaa7427c2de6afbcb6bba7545ca0a304639b859e1fc3097f9f5ee071ad
Yuk11sh1d4,c71b38d08fc23e114c9936cd8eb8e15dafec1e937e4ed2e78035722c7a9831f0
Yuk11sh1d4,f402ab02b04941be0a7a70bce45e69a1074d8591b22263f478d636c9a0d46046
Yuk11sh1d4,fd6280537cfa95edde422bca9b39c8b5a84187ae08011ede7f5adec54a2a7653
Yuk11sh1d4,a3bf53645ed4a3564175c46128905d4d5e17a8f5f4da9f19a287214f62048d09
Yuk11sh1d4,72c699fbeac2bb7361990867f187967df8a7eda52ece28e535de810b9c8d8bb2
Yuk11sh1d4,1033df54b06b12003ff88c47f6aa6906b4785a860769fbdf4f5b312cf5b59683
Yuk11sh1d4,113083334384531c5f0d1b46728e3d2b013aeb3cacefe2a498efd407b11870f4
Yuk11sh1d4,9ad576df7d46644978d85a11105625db774a7f83e1ba4ce1f10f1d12bb788da8
Yuk11sh1d4,3e2253ff10edf2dc898bc30c0079b2906786e2fcb376ab8d8a19e76362a00ae0
Yuk11sh1d4,e3b0c44298fc1c149afbf4c8996fb92427ae41e4649b934ca495991b7852b855
Yuk11sh1d4,49a6c043bbb371ac06e61955caa1661ad781e48898a7c0ec1964af8e59630da7
Yuk11sh1d4,1b70766cccfc0542f8c6df577062071433630f395d1d982f03e4f9bc5a236713
Yuk11sh1d4,fdaffd9d16ebf1d2c71236d3080ab05b3df3bd41b23fea8778b00c0231629358
Yuk11sh1d4,39d9c96ef7598123886d4d1255df14ad2287675ad1c4ace023227bf0f9bdcdad
Yuk11sh1d4,6eed0a8f36da5dfef4bcdbc0015a2cd07d5e4e97fdd7ced78c8def1e30a0a84e
Yuk11sh1d4,58ad347735db030a020873260bdc11a2275583fc706aa92e2797f4cea01d52d9
Yuk11sh1d4,e90a6caa308a69a03acbb9ded58f06743bcb460001491f4334c871659381446d
Yuk11sh1d4,c4250454076ff0dc9bf339e4934502c9bf4fe30a1ac6af2d491c2b6059fe361d
Yuk11sh1d4,20656d0acf8099bdc63b9a3f023399db3a7cd843ad44d5909080a1a8f612b517
Yuk11sh1d4,395e259de2cf6b6d0b4994e99251d1d1a2a14cdc4fc98443faf1a0fe80e25ae5
Yuk11sh1d4,73a8e064b9bafe79b485db0ef5c86a9ae77c3c625125517ce0fc7c5e3a096164
Yuk11sh1d4,e3b0c44298fc1c149afbf4c8996fb92427ae41e4649b934ca495991b7852b855
Yuk11sh1d4,e338591dffb9abf00b047323a3da0cd2c9d0d5edc8e2b1fa31cf2ca015f6c2a0
Yuk11sh1d4,28ae077425de64a3631104e2ae7fc97e38e8608b2e05bd34ec7be4e9925770e7
Yuk11sh1d4,277e0d1d7981936b6002dc0f95351d39acbf8bc7f249f0c57a5393f33e04d1be
Yuk11sh1d4,7e54f3259daf0fc2b273f9d4b694bc3a7fa523dd3f963357dbec508a498a5b31
Yuk11sh1d4,965fb63aaa662f3506c36dc9e91f403b82b651e2b387635b9dabe5aeda4f16e2
Yuk11sh1d4,6295d8240efdd589fd6dfa1634d90dd8fb7142cc5cd8aaacab4f787b0a96bca4
Yuk11sh1d4,5a6e7796645c6d798458fb44a7ba062f32838056f08fb5d1b35f84ca65078196
Yuk11sh1d4,155272baced1a841232fd4375506491bd20c34b0d52cd2ae692b3a94c12104c2
Yuk11sh1d4,10134fff099e513072a1e543f02d0c88608f53611de8abbaaa2fdf94526cd2d3
Yuk11sh1d4,a3599781f6d27b2e969654f471165f0b15fe366216ddf885e961fafb2613f4de
Yuk11sh1d4,4f9cf39a828cf2690399f74cc9a4432536193edfbe430688575f538abbdc5897
Yuk11sh1d4,e3b0c44298fc1c149afbf4c8996fb92427ae41e4649b934ca495991b7852b855
Yuk11sh1d4,567229fe42545cdbaecd59f012571d3ebd21d53083302ca7f80a912042de1d67
Yuk11sh1d4,267ace3c6f2d5c09e998f221abf35a979fea2e5ee6961c6d46bce96061d859a2
Yuk11sh1d4,2ad410f56529b3c181be2bac9905472c2ee558dd53ea28436b21a43dd64d05a5
Yuk11sh1d4,11a23015952ac3f0409c8ea25c1818fa8d855e88dfb3bd0155564e0fa821f852
Yuk11sh1d4,ef80567327ce2dcc6c8d39b7cdd178c75079f4be177e7831954d5cd1e6fdce92
Yuk11sh1d4,2fae621da3ac264de02486cb2d2c52a1858a2541e5d75ae6de2da59f1aef0e51
Yuk11sh1d4,a2295f86bd57ef55fd4d5e3a76e0e13d2fa9d725f47a8296fafd7de40bb7d630
Yuk11sh1d4,bb7a7eea48a85e79590995e18796405a066bafa1670c40882d8be9116a144510
Yuk11sh1d4,2e321f459f160dca6a90b942a24f363bb22d57e3c8c338a095de9d8afe8985b7
Yuk11sh1d4,ca05f324b812b4b7be5e7ca0f0aae1e9724bc60b489b8b7221abac5339d6b901
Yuk11sh1d4,304bbf85970e0a1b2dd397d9df2e2b6368f17c2d1256a0eb582e0470fb1dd4d4
Yuk11sh1d4,b456e9934d843ea23fdfd4e5af26ef94ce425f2f17d009db88f214935f5f4d1a
Yuk11sh1d4,22e7b4d25633bb82e1defcae631a3b58462d39cb8a7610ae8939bb4b50e40f5e
Yuk11sh1d4,c717dda0f8c130695618802d1c0490716e7701107deccfd34de07f10f9ee33ed
Yuk11sh1d4,41915f2fac018685b0f109a684d8e1e634d12ec96f6012f66c6048408f3faf1a
Yuk11sh1d4,8f91db6bf2aa29bef7231494de3fef1ac7f78e0e308def06077fba9ead88837a
Yuk11sh1d4,63ce9a5e50ab88e1a5347572f9956f6fa683fb3ad2691c31ffd9474403324978
Yuk11sh1d4,a7d56a37dc4ea7466855ba696e84357f9287db1a4baf4906ccca890ddfa7d411
Yuk11sh1d4,701c67c61594fa2e16b4eee67cb9eee7ef6394484b6e9696058f48c57e3b3ca7
Yuk11sh1d4,bcece9edec3ad4a7aae8c061aaaeb1b3600fa745992885b6a8ed14f6e37e8d35
Yuk11sh1d4,d3c6295f583b6e39fd1b49667d064d1cdf408e33de778b13cbb5adcba929eb29
Yuk11sh1d4,d5278dee11e527f8cc2ad3f481a3e808d03f27dd36e88e004b8b05ec8ec9d568
Yuk11sh1d4,b901a106442cf4cf4aff9e88b3b0769078f9f4be3ba27d208e038b132ef935de
Yuk11sh1d4,e0e44b4b48abf7b3cdd13c1eb6058ba9b9128516e94ddd14591447f6ede9bcf8
Yuk11sh1d4,90cac2189083c9097c65687d7a683e94378aff322ea00cc27c2e5255c0ac1154
Yuk11sh1d4,c3329fc2b83f75c1989212377be7dd3c3eae19d502aee7834433e8fc808d8ef3
Yuk11sh1d4,4f363caa373e4e647fa8849e306c16bf78342f42824c2f1b8bc3d0a5aaec5f72
Yuk11sh1d4,5b69d357e22ed477e9a4152fe769e53312ef74e665f44f19d9339cdfdcfdf4c2
Yuk11sh1d4,eb5dcfdd91a84c5799de62340a0fb3f55c7f73c90bf5d86dc08e46f23ae831d2
Yuk11sh1d4,ca69d3582ebdc0b054900d94a6ed561ca37a4173fdaa71057a423c41ba4cb191
Yuk11sh1d4,d21cac687a2081426c33a8c5130219e9406d424dab560486c9390b454c9a7e41
Yuk11sh1d4,3bc3143f663d851892764909f2211f28820a23299c1bdca6b5130db2e387b22e
Yuk11sh1d4,0854172fe88dbea31f8c4f2ccd494019f7d6bb14269f1aa3a0eef97421008a7b
Yuk11sh1d4,ecbefb6e4efd4abef21476582f15af5cc5e71c0390ad870e7d03bf903ba9f173
Yuk11sh1d4,919bc6adac7df6a1c18724c2bd89fc7d2fa89c42b7aa187a857ecf1c9adb21fb
Yuk11sh1d4,3d4f6ce8249898d6859e0eb1e705a16f54d188b53d0d75abfaf123ff0f26e0d0
Yuk11sh1d4,3db30de06fe47aa4e1fbb9ece7f8d703fa2031da447aa0cedc268e1c5ebc6079
Yuk11sh1d4,1cc2ccd2fd2095b16d9da4c188f1ee8568c324e712a8b782fbc614c7dafa33c8
Yuk11sh1d4,5004b5a0ba5dac71689d786cf28aa53fec30a9b7ba91ee17006f7a638bf269e4
Yuk11sh1d4,395725cbc8ec7e04dacd2285d2cd785ecf9b71ec3f337c116b57f5502fc8593a
Yuk11sh1d4,c2509dd1c8086709283452d4992c86835965f9949408405c2c5ac7d5fe429331
Yuk11sh1d4,ecfc03aac8a94c7a5daed93b7d355504fdc62a82513feb4916579ef88c90a3cc
Yuk11sh1d4,be1eb6b66c4f7b18fcae85c1351ca9751533216e9bd862f3d5648f9fa66c452c
Yuk11sh1d4,30a7a7b15e36dda25b47619b59053394794b43b6ff2477e24bb137c25da9c6c3
Yuk11sh1d4,3796e85e7e440d36afeafd94ae1b283034b5d5df2e9b3645837b346c61294fe0
Yuk11sh1d4,0f2456cfab01f7c6e76a2424b762651d0ca24c07155d33a998255a78aee97774
Yuk11sh1d4,98ea9c88dc4594fefb011a62b6a50d17cb521af549076e7c13b236520ee3a70d
Yuk11sh1d4,964d4ed9ee6b5704a35df6b3b0cab53a4a863cc4e523e77fcf24fb1d06ac1dd5
Yuk11sh1d4,673e9b0ca75fc2d98965eeb4b142febac1f9c95574c945f3e85f8eead30cbc12
Yuk11sh1d4,40ef031ab5211810e358066056af411e17c6115780edd9a51c23a9090610e151
Yuk11sh1d4,74cd8fe070094fc9a041a657404bae6c4a85cd12bed7d415288ddd6e2e6ac27b
Yuk11sh1d4,95b263917ec531067f67ce69e23dc134aa3108ef65237d9b4811787b9269121b
Yuk11sh1d4,0695daed7ef97cc39ca588a324141d96586b6609a9ff35f679189cc75fb35323
Yuk11sh1d4,7c860381d7239c8664cf51d941a9f69391e2b2aeb01e1b31376fe530e62ce3df
Yuk11sh1d4,28e200c8465fe454557133f3201b13cefc6ced2b2650bca5bf929f7bf0191643
Yuk11sh1d4,56c8defced1bbbe43bd29f99af24b979aecb54841d28daafcb7a0b88a526883f
Yuk11sh1d4,c574135a18a2e705cbed5ee98be9a3892f9b33a0a14861bf11e3a17c56c5f288
Yuk11sh1d4,5e680456c549857ce8f801d31e1d91d18872014e51ed40148b25b498d571114f
Yuk11sh1d4,fdc42e3cbd189fe091f427f75d777fbe43352efff3213241888ba059c23207b9
Yuk11sh1d4,45e9746c5ff35b45edc6f76d213eebc7fcd1dc36bfae9e70e677ab0d1a53bd03
Yuk11sh1d4,c360f8c9c65455f611a70c1c2ae16c138e00317bef41c2c27598854758a38f9b
Yuk11sh1d4,1064d49f7ce9876aa3e3f8d064fe0228e756f425d74fc970e3c64c4018d3568d
Yuk11sh1d4,f56aad591bc73ecc52f245fbd7370627f7ab46dc9da1d49839e5d842c7537ee3
